FirstName,Surname,YearsOfEmployment,CurrentSalary,StandardSalaryForRole,PerformanceRating,LastPromotionYearsAgo,AtRisk
Elizabeth,Martin,8,70674.12,73492.06,5,3,0
John,Taylor,19,102588.78,101491.05,4,7,0
Charles,Anderson,15,93138.74,78675.06,2,4,0
Richard,Anderson,20,109153.49,97052.16,4,4,0
Richard,Miller,8,90940.4,81310.15,2,1,0
Michael,Gonzalez,6,101542.72,86768.74,5,6,0
Patricia,Garcia,16,92485.51,97580.17,4,0,1
William,Gonzalez,20,91182.21,93371.81,1,2,1
Karen,Thomas,15,100273.34,104332.07,3,8,0
Jessica,Johnson,8,95956.01,99409.7,2,4,1
William,Smith,4,98331.29,112260.56,1,4,1
James,Lopez,17,47843.53,58572.85,2,2,1
Jennifer,Smith,10,140698.26,119735.48,5,3,0
Linda,Taylor,8,91916.83,92403.12,4,1,0
Charles,Rodriguez,0,55686.4,54326.47,4,0,1
Michael,Martinez,2,48856.46,55912.68,2,2,1
Sarah,Jackson,9,101636.64,105885.45,3,4,0
Karen,Davis,13,102175.22,93906.94,2,5,0
James,Anderson,5,77441.47,80560.61,4,3,0
David,Brown,18,71653.23,73012.61,4,8,1
Susan,Jones,16,111923.26,98090.18,5,0,0
David,Lopez,6,85533.38,95732.21,3,6,1
Richard,Brown,8,100411.33,86187.85,1,3,1
Jennifer,Gonzalez,16,98105.02,110623.31,4,3,0
Linda,Moore,6,95905.37,99872.34,2,3,0
Robert,Brown,20,45634.72,55074.52,3,0,0
Elizabeth,Lopez,5,44661.11,51869.76,1,3,1
Patricia,Anderson,11,110804.26,97898.65,2,10,0
Elizabeth,Hernandez,0,52262.49,51297.81,2,0,1
Robert,Martinez,12,55040.12,55024.17,3,2,0
Joseph,Martin,7,55459.57,68862.45,4,7,1
Thomas,Lopez,12,78205.42,66292.38,4,10,0
Elizabeth,Anderson,12,101786.53,88810.62,1,7,0
Patricia,Smith,1,118715.39,106646.88,4,0,0
Elizabeth,Hernandez,5,58802.8,58869.98,5,1,0
Sarah,Anderson,17,94198.52,111241.83,4,2,0
John,Brown,6,74608.51,84762.26,5,5,1
David,Williams,7,109037.46,110337.45,4,1,0
James,Gonzalez,1,100186.42,94757.41,4,1,0
Richard,Hernandez,8,78321.24,70260.96,3,1,0
David,Wilson,8,71627.98,83147.16,5,6,0
Michael,Jones,6,121898.19,119507.52,4,4,0
Jessica,Garcia,11,119525.55,117768.92,5,7,1
Elizabeth,Smith,5,81273.31,70410.66,4,1,0
Barbara,Moore,19,106782.23,101911.75,4,2,1
Thomas,Taylor,8,46763.54,52591.09,2,6,1
Sarah,Johnson,0,98242.18,89286.31,1,0,1
Sarah,Garcia,5,67951.73,73887.05,4,5,0
Michael,Johnson,5,79344.14,80289.38,3,4,1
Sarah,Anderson,6,75926.77,74485.83,3,1,0
Joseph,Brown,4,98975.89,108036.8,2,0,0
Mary,Hernandez,16,110979.18,116313.26,1,7,0
Joseph,Smith,16,60452.25,50626.06,3,10,0
John,Williams,12,62685.9,68850.61,2,4,0
Patricia,Martin,8,59582.32,55878.26,5,3,0
Charles,Miller,1,107995.29,107744.17,1,0,0
Barbara,Miller,9,81240.5,95183.03,3,2,1
Elizabeth,Garcia,11,73339.8,81453.11,5,3,0
Linda,Lopez,8,102105.63,92722.43,2,1,1
Susan,Gonzalez,6,91633.76,92922.48,2,3,1
Barbara,Lopez,18,104352.97,112338.82,3,5,0
Linda,Rodriguez,19,56652.72,65490.51,3,5,1
Richard,Jackson,16,59777.53,61156.03,3,10,0
David,Moore,5,75312.19,76060.5,1,0,1
Patricia,Davis,7,91987.5,77778.56,5,2,0
Mary,Rodriguez,8,104139.19,115117.26,5,5,0
Jessica,Gonzalez,11,92772.23,106442.7,2,10,0
James,Williams,10,93412.62,90538.17,2,3,1
Robert,Garcia,7,78509.7,82855.04,4,0,0
Michael,Gonzalez,6,61917.67,72628.55,5,0,1
Joseph,Gonzalez,17,102146.71,94978.37,1,8,1
Mary,Wilson,5,131836.56,110606.62,4,5,1
John,Anderson,7,55267.43,51672.05,4,6,0
Susan,Garcia,11,53066.14,54611.96,5,8,0
John,Lopez,2,106419.44,100203.94,3,2,0
Patricia,Thomas,8,69368.37,64373.67,4,2,0
Karen,Rodriguez,18,66508.51,74749.67,2,4,1
Thomas,Anderson,6,86739.36,89352.98,5,5,0
John,Martinez,6,81969.79,93158.07,2,4,0
Barbara,Martinez,7,69068.79,84638.01,3,7,0
Thomas,Anderson,1,93017.26,99496.58,2,1,1
Charles,Lopez,0,95323.68,117387.36,2,0,1
Mary,Hernandez,16,65056.81,56516.51,3,5,1
Patricia,Brown,15,63039.89,60324.43,5,1,0
Linda,Jackson,7,113329.28,95665.65,4,0,0
Michael,Taylor,9,69060.13,70704.45,2,8,0
Joseph,Miller,0,90826.74,95476.08,2,0,1
Jessica,Lopez,3,84026.51,93418.16,5,0,0
John,Davis,7,86660.52,83616.57,5,3,0
James,Garcia,17,55156.01,63055.12,1,5,1
Linda,Smith,5,81856.02,69154.01,2,2,0
James,Miller,14,54805.28,52315.85,2,0,0
Jennifer,Miller,15,93552.59,83720.57,4,5,0
Jennifer,Garcia,4,92369.57,84220.21,5,1,0
Karen,Miller,14,130337.89,118602.86,2,7,0
Sarah,Martin,14,138782.62,117322.41,5,7,0
Charles,Brown,8,84578.35,82695.45,3,5,0
Sarah,Rodriguez,18,72602.97,69459.36,2,8,1
Charles,Jackson,4,84004.81,98363.19,3,0,0
Karen,Wilson,12,134826.51,115482.84,3,7,1
William,Smith,13,50720.65,51650.26,3,10,0
Barbara,Brown,14,128276.36,111049.36,1,0,1
Jessica,Smith,12,75945.94,85588.77,4,8,0
William,Jackson,0,78352.96,83699.39,3,0,1
Thomas,Williams,11,70191.92,80770.07,2,1,1
Karen,Garcia,9,65075.92,57437.32,5,8,0
Karen,Rodriguez,5,79547.06,68997.21,5,2,1
Jennifer,Miller,1,77604.34,92865.54,1,1,1
Michael,Smith,0,128076.61,114576.94,1,0,1
Elizabeth,Brown,6,64818.16,69002.19,4,2,1
David,Lopez,1,91795.9,80772.12,3,0,0
Barbara,Smith,9,61802.98,57000.11,1,1,1
Mary,Jackson,17,91424.36,88582.05,4,10,1
David,Williams,5,103726.3,92529.88,4,5,0
Patricia,Jackson,2,108474.73,114773.64,1,0,0
Robert,Jackson,17,76923.04,90778.72,5,10,0
Thomas,Moore,18,105607.73,94507.61,3,0,0
Karen,Smith,5,107607.9,97574.84,5,5,0
Jennifer,Rodriguez,1,77350.92,75455.46,1,0,1
Susan,Hernandez,12,87092.02,92832.22,1,3,0
Michael,Garcia,20,65341.45,70309.56,2,3,1
James,Anderson,10,61039.55,70188.01,4,2,0
Thomas,Martinez,19,58800.35,53669.08,2,4,1
William,Wilson,0,106584.44,101377.38,3,0,0
Jessica,Lopez,4,97406.22,101918.13,3,3,0
Robert,Lopez,18,102197.76,119334.81,5,0,1
Linda,Jackson,18,53874.21,51851.61,1,2,1
Jennifer,Moore,3,64839.67,60463.03,5,0,0
Michael,Wilson,18,110041.34,92077.4,3,0,0
Barbara,Garcia,12,89706.13,92056.67,4,0,0
Thomas,Brown,1,72920.03,84751.01,2,1,1
Charles,Wilson,10,70127.55,69472.74,3,9,0
William,Hernandez,1,53174.71,65959.57,4,1,1
Linda,Martinez,4,114386.61,99903.39,5,0,0
Jessica,Wilson,2,56975.32,70375.69,5,1,0
William,Wilson,16,84522.7,72069.01,4,5,0
Barbara,Johnson,4,99882.61,110916.09,5,2,1
Joseph,Jackson,13,112995.45,102070.53,4,5,0
John,Jones,8,72670.01,83966.71,1,5,0
Michael,Taylor,4,122989.35,112151.17,5,4,1
William,Williams,6,50880.09,59698.59,5,1,0
John,Davis,14,98829.1,86709.17,3,4,0
Susan,Miller,14,73693.81,62649.39,4,0,0
Linda,Brown,15,120378.72,108714.24,5,1,0
Sarah,Gonzalez,0,82810.93,91341.06,4,0,0
Susan,Anderson,13,78199.69,65346.54,5,9,0
Mary,Jones,10,58582.0,54268.23,5,8,1
Barbara,Miller,1,94921.25,115782.33,5,0,1
Richard,Johnson,0,96335.41,93437.5,3,0,1
Joseph,Thomas,2,85390.09,87746.93,1,1,0
David,Miller,1,88870.21,101751.98,1,1,1
Charles,Taylor,13,62314.11,66795.29,5,8,0
David,Jones,17,60847.21,56898.47,2,7,1
Mary,Martinez,19,77744.19,75578.98,4,0,0
James,Jackson,7,62130.72,67021.37,4,4,0
John,Garcia,1,85303.4,77422.36,3,1,0
William,Williams,10,70074.91,59163.83,5,2,0
Elizabeth,Gonzalez,8,102488.14,96497.58,2,4,1
Patricia,Lopez,1,98115.31,102332.42,3,0,0
Elizabeth,Wilson,4,130325.84,117958.46,4,1,0
Thomas,Williams,8,88457.59,83489.99,2,2,1
Robert,Gonzalez,17,88747.85,98873.17,5,1,0
Thomas,Hernandez,7,91811.96,107833.14,1,2,1
Charles,Jackson,19,119197.9,109876.89,1,10,1
Karen,Wilson,6,82251.76,73611.18,1,5,0
Barbara,Wilson,17,77326.92,78181.92,5,3,0
Thomas,Williams,19,105137.26,97261.13,3,10,0
Sarah,Miller,10,88496.84,102076.38,3,9,0
Michael,Thomas,7,82320.35,83799.72,1,3,1
Barbara,Taylor,3,87508.87,77029.24,3,2,0
Charles,Johnson,6,48578.52,55846.46,2,3,0
Susan,Thomas,12,121462.18,118705.29,1,0,0
Jennifer,Williams,15,85392.4,86350.32,5,9,0
Karen,Hernandez,15,72184.6,60486.05,3,10,0
Jennifer,Taylor,13,66750.47,81657.0,3,7,1
David,Williams,7,59209.34,65245.16,2,0,1
Karen,Martinez,14,119741.91,118269.05,2,0,0
Michael,Davis,16,129304.59,119070.32,5,7,0
Charles,Davis,18,85843.01,103156.41,4,8,1
Michael,Johnson,4,58464.88,59896.25,1,1,0
Sarah,Wilson,18,95699.55,98558.72,2,2,1
Sarah,Wilson,0,88005.41,82598.15,5,0,0
Joseph,Martin,11,66408.81,59854.86,4,9,0
Linda,Thomas,1,126286.35,119626.81,1,0,1
Patricia,Davis,4,60497.58,62623.5,2,3,0
James,Smith,8,43455.73,51616.73,2,7,1
William,Thomas,7,96104.27,103997.61,2,6,1
William,Anderson,16,60077.19,62280.11,4,0,0
Richard,Anderson,16,78819.44,82687.97,1,1,0
Jessica,Taylor,3,90895.58,94018.34,3,1,0
Sarah,Rodriguez,18,64932.22,72242.04,3,8,0
Sarah,Smith,19,103556.75,92032.58,3,4,1
James,Anderson,1,78805.3,84192.49,1,0,0
Sarah,Miller,2,113193.29,109743.39,2,2,1
Mary,Lopez,0,100493.81,115827.75,1,0,1
Barbara,Wilson,11,99081.11,92930.95,1,2,1
Karen,Smith,13,63189.96,67528.17,1,0,0
Jessica,Anderson,2,91883.73,93120.16,1,2,0
Linda,Williams,10,108213.98,94141.28,2,3,1
Elizabeth,Miller,1,56402.81,68252.68,2,1,1
Elizabeth,Anderson,0,90389.84,107852.51,2,0,1
William,Miller,17,63263.23,57259.84,5,6,0
Linda,Garcia,12,69213.63,65932.79,1,9,0
Susan,Johnson,5,128841.89,116347.15,5,1,0
Joseph,Moore,6,90902.5,87206.05,3,0,0
Thomas,Rodriguez,3,134292.19,119990.88,5,2,0
Joseph,Williams,11,52899.68,65757.33,2,7,1
John,Wilson,8,56655.58,60807.89,3,7,0
Richard,Moore,3,80177.86,95548.94,3,0,0
Jessica,Davis,14,108543.53,108213.6,4,5,0
Jennifer,Garcia,18,86724.09,106523.51,1,7,1
Sarah,Hernandez,15,94819.86,101888.1,1,5,1
Thomas,Davis,8,85106.21,89262.07,4,5,0
Mary,Davis,4,111988.58,117755.46,5,1,0
Barbara,Rodriguez,18,96709.77,82848.66,3,10,0
John,Davis,19,91006.4,113081.37,1,4,0
Joseph,Garcia,7,82735.98,83436.19,4,0,1
John,Gonzalez,13,76209.15,73907.7,5,8,0
Elizabeth,Brown,8,102783.82,107734.3,4,7,0
John,Thomas,10,79741.58,67783.7,1,10,0
James,Jones,1,85476.04,86816.98,1,0,1
Jennifer,Garcia,3,78214.12,65679.88,5,2,1
Mary,Davis,1,89416.75,75373.62,1,0,0
Linda,Davis,17,105466.06,89001.46,4,6,0
Jessica,Williams,2,70693.46,83747.2,1,0,1
Elizabeth,Miller,3,98259.56,104362.71,4,2,0
Mary,Wilson,7,86153.65,82611.27,2,2,1
William,Moore,9,43029.47,52102.77,3,4,0
David,Anderson,1,78766.15,67249.13,4,0,1
Robert,Garcia,10,58867.5,50065.45,5,8,0
Mary,Brown,15,109314.83,119971.79,2,9,0
John,Thomas,14,126568.24,111837.39,2,3,0
John,Johnson,1,127982.16,117267.89,5,0,0
David,Garcia,11,122746.95,106738.82,2,5,0
William,Wilson,7,93494.23,96033.83,1,3,1
John,Jackson,19,106581.61,108227.32,4,6,0
Michael,Brown,11,93911.59,102371.68,3,3,0
Karen,Williams,0,49582.24,55481.02,4,0,1
Mary,Anderson,12,63849.52,61969.24,3,3,0
David,Davis,17,125940.85,105466.39,4,9,0
Karen,Rodriguez,0,90990.49,76534.32,2,0,1
Barbara,Davis,0,100569.23,86535.58,4,0,0
David,Smith,1,118464.37,118327.36,1,0,0
Jessica,Smith,0,119549.09,110624.15,5,0,0
Mary,Moore,11,89431.5,92013.77,4,7,1
James,Hernandez,12,101842.72,90827.05,3,9,1
Karen,Smith,12,56634.92,62816.58,4,7,0
Thomas,Gonzalez,8,56311.5,64967.28,3,5,1
Elizabeth,Anderson,19,101055.46,90749.89,2,4,1
Robert,Rodriguez,2,130711.78,119382.0,3,2,0
Jessica,Lopez,18,50815.51,55878.77,2,6,1
Sarah,Wilson,8,126277.54,108465.35,5,2,0
David,Moore,9,52428.07,52992.27,5,8,0
William,Thomas,2,69974.13,64425.94,3,1,0
Jessica,Rodriguez,4,119724.86,114634.23,2,4,1
Karen,Williams,20,100395.26,88425.37,4,9,0
John,Martinez,9,99687.2,102066.17,5,8,1
Charles,Davis,6,68315.21,58061.8,2,0,0
Elizabeth,Thomas,19,83506.4,94134.92,2,8,1
Susan,Garcia,1,80892.91,94472.02,1,0,1
Thomas,Moore,8,60080.24,72085.39,4,3,0
Linda,Smith,17,130767.4,110465.92,2,1,1
Barbara,Gonzalez,15,60250.87,68614.97,2,10,1
Michael,Taylor,2,106681.98,109545.46,5,1,0
Elizabeth,Hernandez,1,64174.91,63160.63,4,0,1
Thomas,Hernandez,11,132706.95,118701.36,4,9,0
Jennifer,Thomas,20,79439.98,96022.53,2,9,1
Barbara,Wilson,4,107003.34,105390.54,1,3,1
Susan,Wilson,16,136500.94,116011.01,2,10,0
Jennifer,Martinez,17,88429.61,88799.3,3,10,0
Robert,Lopez,13,59561.34,56159.56,4,8,0
Robert,Williams,1,127992.73,106897.2,2,1,1
Jennifer,Jackson,10,114856.0,117170.69,5,8,1
Jennifer,Smith,1,70639.05,85645.11,2,0,1
Joseph,Lopez,16,84628.28,80969.37,4,3,1
Michael,Johnson,6,126663.82,112617.66,4,4,0
Joseph,Anderson,6,93385.03,107280.39,4,5,0
William,Smith,17,104296.27,103407.81,5,8,0
Richard,Lopez,13,104326.22,89925.25,1,6,0
Charles,Jones,20,82616.82,93263.33,2,9,0
David,Davis,6,72692.62,81448.45,3,3,1
Robert,Miller,7,72172.1,75687.74,5,5,1
Barbara,Miller,0,73189.06,67122.94,4,0,1
Karen,Miller,2,63141.9,66685.04,3,0,0
Michael,Lopez,0,90032.83,111138.67,3,0,1
Richard,Garcia,14,83513.26,90905.5,2,1,0
William,Jones,18,92972.9,114878.34,5,5,1
Barbara,Anderson,19,119895.19,101110.51,2,10,0
Jennifer,Jones,2,103306.5,92175.07,3,0,1
Charles,Wilson,19,66158.01,66027.91,4,9,0
Jessica,Lopez,4,134313.33,116504.84,2,3,0
Elizabeth,Taylor,5,61857.81,59812.4,2,4,0
Susan,Moore,18,92317.77,101542.6,4,6,0
Sarah,Brown,20,100331.06,84727.46,2,4,0
Jennifer,Gonzalez,12,103622.73,88279.38,4,3,0
Mary,Taylor,0,102742.35,110586.56,1,0,1
James,Martinez,1,106200.15,89525.85,3,1,0
Barbara,Smith,12,80594.5,99707.19,5,6,0
Jessica,Martin,16,99552.44,91930.79,1,5,1
Sarah,Hernandez,4,65320.64,66690.76,3,2,1
Thomas,Gonzalez,8,82324.97,75671.47,2,1,1
Jennifer,Johnson,11,54657.64,57624.04,2,5,0
Linda,Jones,1,88317.34,91139.31,3,1,0
Robert,Rodriguez,13,73427.83,89312.81,3,4,0
John,Williams,7,80651.09,85846.74,3,5,0
Robert,Martinez,1,46819.3,54713.76,1,1,1
David,Martin,1,63829.75,78563.36,3,0,1
William,Johnson,11,71855.82,89304.55,2,6,1
Sarah,Jones,6,75712.16,76718.12,1,4,0
Robert,Hernandez,10,55832.84,59809.72,2,6,1
Joseph,Jackson,5,77262.55,74880.35,1,5,1
Elizabeth,Martin,16,95745.2,94378.96,1,2,0
Joseph,Martinez,20,122458.1,118035.01,2,3,0
James,Johnson,18,77560.08,71224.12,4,5,1
Richard,Miller,8,86166.38,86431.0,4,4,0
Jennifer,Jackson,12,128583.19,111600.57,4,4,0
Jennifer,Hernandez,19,83388.1,86723.88,1,5,0
John,Taylor,13,96003.46,102242.49,1,0,0
Michael,Brown,14,60148.63,65922.55,5,2,0
Karen,Taylor,15,75592.13,73242.82,5,5,0
Sarah,Anderson,20,77296.58,68596.62,3,2,0
Michael,Hernandez,18,47502.49,52411.46,1,4,1
Jennifer,Davis,14,93441.44,106927.3,2,10,0
Barbara,Martin,16,47996.11,50184.64,2,9,0
Mary,Anderson,7,82952.99,72810.99,4,5,0
Patricia,Davis,11,65702.76,61101.61,1,1,1
Michael,Anderson,9,86797.51,72935.04,3,3,0
Richard,Taylor,12,120622.68,112136.73,5,7,1
Linda,Anderson,17,102259.52,97822.32,4,0,0
David,Martin,17,121995.38,101738.94,5,1,1
Jessica,Davis,10,67807.56,68137.1,2,2,0
Barbara,Rodriguez,4,68466.36,58165.49,3,3,0
Mary,Hernandez,1,79806.59,85066.12,3,1,1
William,Williams,19,109132.1,101762.9,4,3,0
Patricia,Miller,9,72773.75,73574.79,2,3,1
Barbara,Anderson,1,51208.78,52396.94,2,1,0
Susan,Thomas,6,90411.94,85209.6,5,4,1
Mary,Taylor,4,91360.86,105122.64,2,2,1
David,Jackson,14,78468.29,89546.48,1,3,1
Mary,Rodriguez,4,102975.0,89295.86,4,0,0
Charles,Anderson,1,69967.64,85529.82,1,0,1
Barbara,Martin,16,89923.77,92800.83,3,10,1
Robert,Moore,6,75480.84,90739.09,1,5,0
Sarah,Johnson,6,83060.48,69413.33,3,4,0
Susan,Lopez,16,79725.82,70131.71,3,1,0
John,Davis,7,65791.6,60851.0,1,2,1
Patricia,Johnson,8,120619.13,107054.61,3,5,0
Michael,Hernandez,12,107328.72,103791.49,4,2,0
Michael,Moore,7,97454.41,86134.32,2,3,1
Jennifer,Hernandez,10,44960.07,51277.17,2,2,1
Sarah,Lopez,3,55787.82,53519.08,4,3,0
Sarah,Wilson,9,114917.45,96857.56,2,4,0
Robert,Hernandez,1,127410.77,119135.62,5,0,0
Charles,Anderson,0,77163.33,85817.23,3,0,1
Thomas,Anderson,13,92135.36,107366.26,3,6,0
Charles,Martinez,10,100659.79,92791.94,1,4,0
Robert,Moore,9,97204.62,110984.31,3,4,1
Sarah,Miller,15,78268.83,86710.49,4,5,0
Mary,Rodriguez,0,103709.53,93618.48,3,0,0
Charles,Brown,6,61760.88,63306.51,1,4,1
Patricia,Jackson,18,63463.87,63616.42,4,2,0
Michael,Taylor,9,62754.78,52766.44,5,9,0
Michael,Anderson,2,88389.47,99674.31,3,0,0
Sarah,Jones,9,107428.49,93508.11,4,6,1
Jennifer,Johnson,19,61170.07,76308.24,5,1,0
Sarah,Johnson,5,113897.2,108006.01,3,4,0
Susan,Lopez,7,76110.33,75113.52,1,3,0
Jennifer,Thomas,4,103252.08,119057.88,4,0,0
Robert,Smith,3,83507.23,80606.22,4,2,0
John,Jackson,11,104220.14,105801.27,1,3,1
Robert,Anderson,11,132929.25,118108.09,3,7,0
Linda,Hernandez,1,84748.85,87500.34,4,1,0
Barbara,Johnson,3,76047.77,73419.94,1,1,1
Susan,Taylor,1,121636.71,116699.22,5,0,0
William,Brown,17,105145.08,92534.02,2,7,1
Joseph,Thomas,8,93249.58,111197.45,5,6,1
Robert,Taylor,4,45583.07,52381.31,5,4,1
Susan,Miller,2,74172.77,67311.13,1,1,0
James,Brown,6,110570.89,114926.47,1,5,0
Robert,Jones,0,99370.31,90577.03,1,0,1
Sarah,Hernandez,10,115668.24,111910.92,5,10,0
Elizabeth,Jackson,20,112100.47,93764.79,2,10,0
Joseph,Martin,17,132745.12,116804.46,5,8,0
Karen,Williams,13,83773.64,80235.12,2,6,1
Karen,Thomas,13,85126.26,73424.45,5,5,0
John,Jackson,3,47717.25,55235.84,1,2,1
Susan,Martin,4,60837.27,68181.63,4,0,1
James,Smith,9,115742.08,107265.06,2,2,1
John,Martin,2,83637.08,86455.65,5,1,0
John,Jackson,14,120110.84,115100.62,2,0,0
Susan,Davis,8,99581.19,96035.91,4,0,0
Elizabeth,Gonzalez,10,58180.42,50691.57,5,0,0
William,Taylor,2,109832.69,103658.42,1,0,0
Linda,Hernandez,0,58708.86,71487.45,1,0,1
Elizabeth,Thomas,8,113162.93,110177.27,4,3,0
Jennifer,Davis,10,98444.02,89631.94,1,9,0
James,Wilson,11,98487.16,99044.16,3,3,0
Barbara,Johnson,16,71381.65,86743.0,1,0,1
Karen,Jackson,2,96178.11,85412.65,4,1,0
James,Brown,16,53971.2,52454.55,2,3,0
Joseph,Smith,17,51171.19,56037.2,4,10,0
Mary,Martin,7,110410.04,94843.1,3,1,1
Barbara,Martinez,2,85595.93,91898.89,5,0,0
John,Garcia,1,56949.73,55214.89,1,1,0
Karen,Davis,2,90144.18,111458.64,5,1,0
Susan,Smith,14,42078.75,51764.06,3,10,1
Patricia,Gonzalez,6,71088.81,75328.52,3,3,1
Robert,Lopez,17,69328.63,73065.83,4,5,0
Robert,Lopez,13,88610.2,88251.1,2,5,1
Michael,Brown,15,94424.32,111629.59,3,5,1
Patricia,Martinez,9,85649.05,77239.48,5,5,0
Sarah,Brown,12,76442.3,90731.73,4,2,1
William,Taylor,3,83166.46,74637.89,2,0,1
David,Taylor,3,52564.25,59708.05,2,2,0
Michael,Rodriguez,7,75003.71,73556.9,1,4,0
Jennifer,Smith,15,102538.47,106358.93,2,5,0
Linda,Jackson,13,119089.8,101896.71,4,3,0
Patricia,Rodriguez,4,105703.15,112856.21,1,2,0
Joseph,Garcia,0,77613.17,83812.17,2,0,1
William,Davis,3,101919.54,108159.24,1,1,0
Jessica,Moore,20,113334.9,104511.36,5,2,0
Michael,Brown,4,83818.33,83112.9,1,2,1
Barbara,Lopez,2,133934.44,116769.57,1,0,1
John,Davis,9,103289.18,91670.89,5,8,1
Thomas,Miller,18,80488.4,77539.87,3,8,0
Joseph,Smith,18,127564.62,106516.18,4,6,0
William,Smith,19,112540.58,117849.48,5,6,0
Elizabeth,Thomas,20,65503.05,58306.69,2,8,0
Richard,Johnson,9,104900.74,94033.92,4,5,0
Jennifer,Williams,13,117499.22,98743.28,2,6,1
William,Smith,3,132448.7,112532.87,1,3,1
Susan,Jones,7,79680.27,89737.03,3,6,1
Jennifer,Taylor,17,109299.21,103057.2,4,4,0
Michael,Gonzalez,2,101229.65,101952.32,2,1,1
John,Garcia,12,51289.63,53310.87,4,3,0
Mary,Garcia,6,77432.09,89163.01,4,3,0
Richard,Johnson,10,134739.91,116964.25,1,4,0
Patricia,Taylor,0,57006.83,61400.22,3,0,1
Jennifer,Jackson,13,78935.72,75245.94,1,10,0
Linda,Wilson,20,59660.79,72353.92,4,0,0
Jessica,Johnson,14,87104.07,91948.99,5,10,0
Joseph,Williams,1,91987.84,99747.23,1,0,0
David,Rodriguez,10,87558.82,73470.93,2,6,0
William,Taylor,10,82810.12,84691.03,2,6,0
Charles,Williams,1,89041.71,85890.91,2,1,1
Jessica,Jackson,11,59166.42,67341.75,1,7,0
Richard,Williams,6,64514.6,63281.39,2,6,1
David,Hernandez,1,53238.26,63549.74,2,1,1
Mary,Jackson,14,79578.86,67817.3,1,5,0
Sarah,Wilson,6,73458.72,85501.67,2,5,1
David,Rodriguez,5,89209.67,79880.79,1,5,1
Linda,Taylor,15,106554.16,115515.09,3,0,0
Karen,Jackson,9,65648.44,73000.81,3,9,1
Karen,Hernandez,1,78163.95,91517.82,3,1,0
Linda,Martinez,19,105552.96,93528.28,1,8,1
James,Wilson,8,86995.72,107868.88,5,8,0
Jennifer,Martinez,11,120526.29,108809.79,2,7,1
Joseph,Martin,5,106043.81,95880.27,2,2,0
Jennifer,Gonzalez,3,52853.71,60463.51,3,0,0
Thomas,Hernandez,5,74868.81,89441.62,5,2,0
James,Davis,11,104286.48,92094.96,1,4,1
Sarah,Brown,16,61169.69,67250.44,1,7,0
Linda,Martinez,2,69522.51,81215.33,5,1,1
James,Moore,9,74346.77,83410.43,4,6,1
Linda,Johnson,9,100373.26,112534.12,4,9,0
William,Brown,3,90856.64,87235.49,5,3,0
Patricia,Moore,7,44090.8,54668.32,3,7,0
Jessica,Miller,3,57680.75,62179.11,3,0,0
Michael,Brown,14,60953.34,68056.2,5,10,0
John,Johnson,15,91478.89,109087.54,4,5,0
Charles,Jackson,3,99529.86,107834.37,3,1,0
Thomas,Martin,16,60777.19,68214.54,2,10,1
Sarah,Hernandez,1,92197.33,109019.01,1,1,1
Richard,Garcia,12,59078.36,55758.63,3,8,0
James,Davis,11,48938.78,50102.94,1,5,0
Richard,Moore,2,104120.21,106782.42,3,0,1
William,Garcia,0,109009.95,113997.04,1,0,0
David,Smith,9,112042.73,116980.76,1,2,0
Robert,Garcia,11,129424.16,118837.97,5,8,0
Elizabeth,Moore,11,62202.95,63391.89,3,10,0
John,Williams,14,82653.61,89855.39,5,7,1
Jennifer,Jackson,10,69345.16,64289.32,5,8,0
Mary,Brown,1,46091.2,50963.73,5,0,1
Jessica,Martin,6,84875.37,73934.1,2,2,0
Jessica,Wilson,7,99943.93,93468.51,1,6,1
Joseph,Jones,10,67268.7,67359.82,2,8,1
Patricia,Lopez,5,82035.15,69540.88,2,0,0
David,Martinez,0,116972.78,107404.26,4,0,1
James,Gonzalez,7,81240.89,84983.41,5,6,1
Susan,Thomas,7,72345.64,78695.31,3,6,0
Robert,Garcia,2,47270.8,57457.96,4,2,1
Jennifer,Rodriguez,8,115715.87,110500.23,2,0,1
Susan,Martin,8,64981.32,71397.58,5,4,0
Patricia,Johnson,20,98926.06,86011.24,1,9,0
John,Garcia,0,75566.57,88549.35,3,0,1
Linda,Smith,1,89918.39,103112.56,3,0,1
David,Moore,4,53140.56,60957.93,5,4,1
Patricia,Wilson,13,80487.92,96697.03,4,10,0
Barbara,Lopez,1,122374.59,118344.8,3,1,1
Sarah,Williams,7,79543.61,74020.99,4,1,0
David,Taylor,2,75873.05,89318.66,4,0,0
Jessica,Rodriguez,6,47228.94,53766.04,1,4,1
Karen,Taylor,3,87295.11,107461.18,2,0,1
Jennifer,Anderson,7,107019.43,111460.26,4,3,0
Karen,Brown,7,52061.96,63502.23,2,5,1
David,Jackson,15,63149.27,75016.98,1,3,1
Elizabeth,Wilson,20,113515.14,101890.05,2,7,1
Joseph,Martin,11,48787.49,50549.72,5,9,0
Jessica,Thomas,17,78470.61,82970.41,5,3,1
Elizabeth,Johnson,6,81642.89,100399.03,2,6,1
Barbara,Johnson,7,110295.99,111440.55,3,6,0
William,Williams,15,115270.76,113099.84,5,9,0
Robert,Jackson,0,86808.75,94102.03,1,0,0
Elizabeth,Gonzalez,3,95390.56,92575.89,4,3,0
Linda,Gonzalez,15,58825.37,66054.92,2,6,0
James,Moore,9,96607.59,90818.65,2,5,1
Michael,Garcia,20,66947.28,65083.59,4,9,1
Susan,Martinez,8,87746.86,76023.97,3,8,0
Susan,Lopez,16,75226.53,73712.16,4,5,1
Thomas,Smith,9,95700.82,80401.24,1,3,1
John,Taylor,6,88462.21,89939.62,5,5,0
Charles,Thomas,18,67994.23,82092.21,5,5,1
Linda,Thomas,14,125463.33,106475.13,4,6,1
Jessica,Garcia,5,55111.62,50562.16,3,4,1
Barbara,Martin,18,84536.29,82518.62,2,7,1
William,Gonzalez,16,49456.82,51399.77,5,3,1
Susan,Miller,14,52147.1,51902.29,5,8,0
Mary,Moore,17,75417.97,71999.36,4,9,1
Elizabeth,Anderson,10,75835.63,94554.37,2,7,0
James,Brown,10,57411.0,67382.16,3,7,1
Joseph,Thomas,7,72228.92,63185.11,5,1,0
David,Thomas,10,86190.8,81111.22,4,1,0
Michael,Johnson,19,52491.81,62629.59,3,9,0
Richard,Williams,12,65737.33,68481.5,1,6,0
William,Martin,1,64646.74,78316.7,1,0,1
Michael,Miller,11,107224.2,109619.94,2,4,0
James,Taylor,4,84870.31,96650.82,4,2,1
John,Rodriguez,7,79913.38,85492.25,1,4,1
Elizabeth,Smith,6,64320.29,56432.6,4,2,0
Jessica,Wilson,8,68275.18,73859.66,2,8,0
Mary,Moore,8,81688.13,75324.71,4,8,0
Karen,Gonzalez,10,93918.22,115780.02,3,0,0
Joseph,Jones,19,60827.98,51410.72,4,9,0
Charles,Moore,3,65856.05,58400.25,1,3,0
Barbara,Garcia,7,117680.74,114650.33,3,0,1
Michael,Davis,11,78588.28,91867.95,1,8,1
Thomas,Garcia,10,65297.26,70468.91,3,3,0
Jennifer,Brown,10,73051.54,62306.22,5,0,0
Barbara,Wilson,14,59417.54,64442.21,3,5,0
William,Rodriguez,18,128662.46,112358.15,3,8,0
Michael,Thomas,16,89636.02,96703.68,3,9,0
Thomas,Thomas,10,110968.45,107029.83,3,9,0
Patricia,Martinez,16,90714.26,111989.16,2,6,1
Michael,Lopez,19,55970.17,54445.41,4,6,0
Mary,Gonzalez,0,72357.36,84110.65,3,0,0
Jennifer,Williams,9,79885.38,96951.62,5,5,0
David,Martinez,2,88023.7,81207.43,4,0,1
Richard,Wilson,12,74298.15,81738.57,5,6,1
Thomas,Miller,11,106398.72,89487.51,4,9,1
John,Jones,12,88301.11,84811.47,1,0,1
David,Brown,13,61553.76,72339.14,1,7,0
John,Martin,18,93594.28,104839.78,3,2,1
Sarah,Brown,16,100797.17,98970.04,1,7,0
Sarah,Martin,9,69737.63,77930.32,2,0,0
Joseph,Rodriguez,16,53615.34,62973.1,4,6,1
Elizabeth,Williams,18,54535.42,64783.62,5,7,1
William,Smith,10,93601.74,114892.47,5,7,0
Patricia,Davis,7,95575.74,79739.09,3,4,1
Joseph,Jackson,0,88947.16,99623.31,1,0,1
Richard,Lopez,14,120240.29,109253.23,3,6,0
Patricia,Rodriguez,2,65075.79,60862.92,4,2,0
Richard,Rodriguez,9,91840.92,107197.36,1,0,1
Thomas,Jones,18,78970.18,91412.44,2,10,0
Robert,Thomas,4,103840.96,108903.98,5,4,0
Joseph,Taylor,8,104794.15,119678.54,2,5,1
Robert,Lopez,4,135620.46,114331.76,4,3,0
Susan,Rodriguez,8,111479.41,106139.58,5,0,1
Linda,Smith,8,75899.11,63309.24,3,4,0
Susan,Smith,7,77170.7,78541.67,4,4,0
Karen,Lopez,0,58906.75,54567.69,5,0,1
Sarah,Smith,7,114767.58,103084.21,3,5,1
William,Hernandez,1,75777.95,64948.33,4,1,0
Susan,Lopez,0,84034.44,89973.62,3,0,0
Barbara,Rodriguez,8,81948.11,97733.95,5,3,0
Susan,Lopez,4,58985.92,71954.86,5,0,1
Mary,Thomas,20,101996.75,92885.77,2,6,0
Sarah,Lopez,9,73934.71,79983.61,3,6,0
William,Moore,1,80373.2,98276.83,5,1,0
Mary,Hernandez,9,63361.73,60461.58,2,3,1
Patricia,Martin,8,78084.18,74859.32,3,0,0
Sarah,Moore,3,137285.94,118102.95,5,0,0
Elizabeth,Jackson,19,56641.44,59636.86,4,2,0
Sarah,Smith,16,114996.87,97856.47,5,2,0
Thomas,Garcia,13,91891.39,108543.02,1,2,0
Linda,Wilson,12,127681.59,118734.9,4,4,0
Karen,Martin,19,63845.08,67503.75,3,7,0
Richard,Williams,16,97645.07,117991.99,2,7,0
James,Miller,16,52486.24,51629.58,4,10,0
Robert,Williams,7,129666.58,115514.37,3,3,0
Mary,Thomas,15,123708.07,104901.37,3,7,0
Mary,Hernandez,1,113664.77,106421.98,4,0,0
Susan,Lopez,16,58605.08,66146.38,2,8,1
Jessica,Rodriguez,19,92780.91,78458.64,4,2,0
Elizabeth,Johnson,16,51669.24,51280.81,4,10,0
Barbara,Gonzalez,17,90476.23,101981.6,2,1,1
Michael,Anderson,13,92380.59,88088.42,3,8,1
Jessica,Davis,4,132835.96,116028.11,5,2,0
Robert,Anderson,11,53219.35,59358.35,1,8,1
Susan,Johnson,11,66815.24,65841.93,3,7,0
Thomas,Lopez,3,90986.22,98296.03,2,0,1
James,Martinez,15,88373.49,89334.94,5,10,0
Jessica,Davis,0,79138.04,68136.22,4,0,0
Thomas,Jones,8,128179.92,108707.17,2,7,0
Elizabeth,Garcia,2,93104.59,91149.22,5,0,0
Barbara,Hernandez,11,61369.34,70927.61,3,8,0
David,Smith,8,58058.09,71084.19,1,1,1
Joseph,Miller,20,94469.06,99214.96,1,6,0
Elizabeth,Anderson,13,65841.14,63179.14,5,6,0
Linda,Anderson,20,45522.86,52614.42,1,9,1
James,Hernandez,1,61779.88,58627.49,3,0,0
James,Lopez,8,116004.99,100302.38,5,6,0
Richard,Jackson,17,59091.68,52977.51,5,2,0
Richard,Johnson,4,112461.6,96966.47,3,0,0
Thomas,Hernandez,2,107236.9,100387.43,3,2,0
Jessica,Moore,9,96546.67,86519.51,2,1,0
Barbara,Brown,3,60724.91,64278.91,1,0,0
Linda,Davis,18,55776.13,55016.19,1,4,0
Linda,Taylor,1,71984.55,64853.22,5,1,0
Jennifer,Wilson,1,70799.69,85386.43,4,0,1
Michael,Hernandez,12,106613.26,119394.69,4,4,1
John,Lopez,5,120289.24,108641.5,2,1,1
William,Miller,0,58976.6,55834.77,4,0,0
Thomas,Moore,5,59803.4,65292.14,4,2,0
David,Wilson,19,65144.09,71957.84,1,9,1
William,Thomas,9,66730.56,80060.86,1,5,0
David,Anderson,6,126009.55,116083.28,2,0,1
Richard,Rodriguez,0,65984.97,72850.63,5,0,1
Barbara,Martinez,2,65838.08,81027.51,5,1,1
Sarah,Moore,18,84847.93,89246.02,1,2,0
Jessica,Martin,4,132625.5,110647.75,1,2,1
Linda,Martinez,11,103654.94,109127.38,3,7,0
Michael,Anderson,6,56561.39,50207.6,5,2,0
Linda,Davis,5,78530.35,70809.0,3,0,0
Joseph,Taylor,16,89841.78,101995.81,2,0,1
Susan,Jackson,17,56330.66,63508.26,3,9,1
William,Jones,8,89212.07,90792.12,3,5,0
Barbara,Williams,15,82955.14,84960.29,5,0,0
John,Hernandez,10,103731.74,94653.19,1,3,0
Michael,Lopez,6,113427.01,119134.45,3,6,0
Barbara,Johnson,3,54587.74,66184.26,1,1,1
Patricia,Smith,15,53127.79,58279.74,3,9,1
Charles,Gonzalez,0,99007.72,94592.23,3,0,0
Susan,Gonzalez,16,65077.89,54417.53,1,5,1
Susan,Anderson,11,71249.86,72556.35,2,3,1
Barbara,Anderson,18,97028.77,89163.55,1,1,0
James,Jackson,10,84107.7,79118.03,1,10,0
William,Garcia,7,68036.57,68676.5,2,6,1
William,Thomas,15,63693.11,55321.07,3,1,0
John,Rodriguez,5,80167.83,96930.74,4,0,1
Richard,Martin,0,66366.36,58787.19,2,0,1
Robert,Garcia,0,102701.16,99047.52,2,0,0
Mary,Davis,16,119763.8,113122.24,1,6,1
Jennifer,Wilson,13,90322.05,106668.52,1,10,1
Patricia,Martin,8,100878.18,87774.87,2,6,0
William,Taylor,6,66136.93,70254.19,5,2,0
David,Williams,5,53810.71,60823.95,3,3,0
Richard,Wilson,0,90784.26,106040.48,1,0,1
Joseph,Martinez,8,80643.97,91068.9,1,8,1
Mary,Rodriguez,15,114934.1,103336.35,3,5,0
David,Smith,9,76653.85,83683.39,2,7,1
David,Anderson,10,82595.41,77156.43,1,4,1
Michael,Miller,19,88489.76,87061.19,2,1,0
Robert,Moore,9,58936.75,62078.09,4,1,0
Karen,Johnson,17,80134.65,84009.38,5,10,0
Robert,Anderson,3,127428.94,111327.42,1,3,1
Robert,Martin,9,95023.86,111184.19,4,4,0
Richard,Miller,11,73337.57,69249.34,4,3,0
David,Williams,6,90160.05,85032.0,2,4,1
William,Lopez,7,87660.31,109328.77,1,3,1
Joseph,Garcia,18,104984.25,118934.83,4,8,0
William,Rodriguez,19,61287.91,61833.05,1,0,0
John,Moore,14,87294.99,104502.72,4,9,0
Thomas,Davis,8,85704.72,92833.16,1,5,0
Jessica,Johnson,15,126407.64,115378.88,5,1,0
Jessica,Gonzalez,12,72749.04,87950.48,1,7,1
Charles,Garcia,3,78509.31,86163.05,5,2,0
Michael,Martinez,3,96519.47,102394.62,1,0,0
Mary,Taylor,11,52678.7,56492.78,1,8,1
Linda,Hernandez,20,87056.56,81943.44,4,5,0
Robert,Jones,12,44852.06,55234.6,3,7,1
Jessica,Martin,1,71609.76,67836.09,4,1,0
Thomas,Williams,0,77894.83,93204.64,3,0,0
Charles,Johnson,12,106281.33,119762.65,3,6,0
John,Taylor,18,73842.05,70309.76,3,5,0
Joseph,Johnson,0,90302.22,91683.89,4,0,1
Susan,Davis,13,80320.21,73176.65,4,0,0
Mary,Moore,10,63452.1,58732.7,5,10,0
Thomas,Rodriguez,11,112151.24,103507.7,2,2,0
Mary,Garcia,8,117881.25,107991.13,4,8,1
James,Thomas,13,94159.11,83458.08,4,6,0
Linda,Rodriguez,0,101430.86,112997.24,5,0,0
Mary,Anderson,5,76155.29,81414.75,5,5,1
Patricia,Thomas,17,67743.97,84425.57,1,1,1
Barbara,Gonzalez,1,85212.42,87472.6,3,0,0
Linda,Martin,16,98738.82,90727.18,3,4,0
Jessica,Moore,14,52646.36,55444.32,3,9,0
Jennifer,Lopez,13,78358.05,72263.81,1,2,0
James,Taylor,13,99415.13,101232.53,2,6,1
Jessica,Jackson,1,76822.15,70298.5,3,0,0
Thomas,Lopez,10,107282.34,119229.11,1,8,0
Thomas,Martin,20,84393.18,101536.97,3,0,0
Joseph,Davis,7,81752.51,85884.9,3,2,0
Charles,Martinez,4,83346.38,91291.18,3,4,0
David,Wilson,5,110376.11,103509.27,1,3,1
Elizabeth,Gonzalez,9,103164.96,87428.85,2,7,0
Barbara,Brown,14,99063.69,109117.21,4,1,0
Elizabeth,Lopez,7,103049.24,113964.07,2,6,0
Karen,Williams,7,116147.92,103682.44,5,3,0
Patricia,Lopez,6,94204.3,95931.11,5,3,1
Linda,Lopez,18,49505.85,52729.68,1,3,0
Michael,Martinez,4,118542.9,103626.14,1,2,0
Linda,Rodriguez,13,80147.36,75503.87,5,4,0
David,Anderson,1,89108.32,82541.21,2,1,1
Jessica,Miller,7,48553.5,50825.47,4,6,0
Linda,Hernandez,1,90266.85,93604.92,5,0,1
Elizabeth,Johnson,8,76413.31,68672.11,5,2,0
Sarah,Martinez,8,76948.59,80193.08,2,2,1
Patricia,Johnson,8,117324.99,118828.47,1,4,1
Jennifer,Smith,19,63805.59,54261.46,5,3,0
Karen,Thomas,3,71449.48,63782.29,4,0,0
James,Moore,6,79000.58,72210.71,2,5,1
Thomas,Davis,6,85129.15,104589.46,3,0,0
Charles,Johnson,8,82858.69,95821.53,3,3,1
Jennifer,Lopez,10,122936.29,114257.09,4,10,0
Robert,Johnson,11,120866.7,107697.24,1,7,0
Barbara,Martinez,10,48651.55,50267.54,2,8,0
John,Brown,4,49800.91,54219.06,1,1,0
Barbara,Thomas,19,87595.44,76536.73,5,7,0
Michael,Rodriguez,13,67746.72,73512.64,4,5,1
Linda,Lopez,2,85020.98,72980.3,3,2,0
Karen,Martinez,20,78247.58,70067.69,2,8,0
Jennifer,Williams,15,115717.08,107842.9,3,7,0
Karen,Anderson,16,43802.44,52285.62,5,3,1
Richard,Williams,12,88203.57,83207.98,2,0,0
Robert,Martin,4,95437.04,110586.95,1,3,1
Mary,Taylor,7,138537.57,117353.88,1,7,1
Linda,Jones,2,67262.57,65576.14,4,2,0
Elizabeth,Jones,6,110423.36,95537.58,1,5,0
Richard,Anderson,1,57057.63,61166.21,1,0,1
Karen,Taylor,17,56390.65,62344.52,4,3,1
Sarah,Taylor,10,115279.67,105255.3,2,1,1
Linda,Martin,8,56049.56,52225.65,1,3,0
Robert,Davis,9,120181.85,109201.58,4,1,1
Joseph,Rodriguez,12,105685.72,115243.18,2,5,0
Mary,Martinez,4,59163.29,70726.25,3,0,0
Charles,Jackson,16,92586.83,81459.01,5,4,0
Jennifer,Garcia,10,48672.0,58296.51,2,8,1
Karen,Brown,18,115516.16,101329.6,1,7,1
Jessica,Brown,17,71608.31,74884.34,3,2,0
Barbara,Brown,11,75637.12,75624.13,1,6,0
Joseph,Brown,2,88060.24,97491.23,5,2,0
Elizabeth,Smith,13,91578.9,87204.2,3,3,0
Richard,Brown,12,124522.48,119623.35,4,8,1
Mary,Anderson,9,62998.16,53135.79,5,3,1
Karen,Williams,11,56342.77,61344.19,1,4,1
Jennifer,Miller,0,53642.33,66690.8,1,0,1
Linda,Martinez,18,99334.23,101020.54,5,9,0
Charles,Hernandez,0,88381.87,97565.77,4,0,1
Richard,Johnson,7,91102.32,80079.98,2,1,0
Sarah,Jones,11,107120.75,117338.87,4,9,0
Michael,Moore,19,65936.0,79932.39,1,10,1
Patricia,Lopez,8,57204.76,59081.62,1,7,0
Charles,Miller,3,89077.51,82651.38,1,2,0
Sarah,Garcia,16,90605.68,76156.48,1,9,0
Mary,Thomas,13,69437.31,63444.65,4,4,0
Jessica,Wilson,10,71797.13,78002.27,4,2,0
Michael,Lopez,0,124831.55,108432.76,3,0,1
Karen,Martin,1,64368.74,59397.32,4,1,0
Jennifer,Lopez,5,114197.52,106180.6,3,1,0
John,Jackson,2,72326.09,68671.86,1,1,0
Barbara,Martin,13,68016.72,65566.35,2,10,0
Linda,Williams,15,54259.62,58834.3,3,1,0
Joseph,Anderson,6,48345.73,52216.55,4,5,1
Mary,Gonzalez,14,62958.27,58386.93,2,3,1
Thomas,Jones,17,65919.82,56977.27,1,8,0
James,Gonzalez,10,43079.2,52367.76,1,6,1
Michael,Brown,19,94446.14,82410.22,4,4,0
Barbara,Johnson,16,68889.06,84834.44,3,4,0
Mary,Brown,10,93656.4,100798.08,1,1,1
Susan,Garcia,18,104277.36,91769.72,3,7,1
David,Garcia,14,106076.22,105491.15,2,5,0
Robert,Miller,9,62510.78,54571.17,3,9,0
Linda,Johnson,1,84022.37,82687.85,1,0,0
Jessica,Martin,10,97759.86,107904.27,5,3,0
Karen,Rodriguez,6,89820.75,98111.17,3,1,0
Barbara,Anderson,7,79116.36,66361.02,3,1,0
Richard,Hernandez,17,94776.27,106492.14,5,10,0
Robert,Miller,19,80585.14,95142.51,1,5,1
Mary,Anderson,2,77784.46,75403.61,3,0,0
Michael,Taylor,0,97032.96,103505.16,5,0,1
Jennifer,Rodriguez,6,96631.74,116768.95,4,6,0
Robert,Davis,11,104369.26,101514.59,4,6,0
Elizabeth,Martin,14,65702.52,81133.48,3,6,1
Barbara,Anderson,4,85653.0,79540.15,2,2,1
David,Rodriguez,9,69699.12,85882.33,4,3,0
John,Wilson,6,55039.48,61980.41,4,5,0
Joseph,Thomas,7,104839.02,119268.74,4,1,0
Thomas,Hernandez,8,106640.3,110281.16,2,6,0
Michael,Gonzalez,14,106235.87,97322.84,1,10,0
Mary,Brown,4,71423.11,77924.48,4,4,1
David,Brown,20,77941.47,85265.19,4,0,0
Linda,Martinez,16,65320.25,77485.4,5,3,0
Michael,Anderson,11,88173.33,96900.77,2,2,0
Jennifer,Rodriguez,9,63014.78,68972.16,2,9,0
John,Williams,8,67411.43,60735.91,1,1,1
Barbara,Taylor,15,106915.97,94198.64,4,3,0
Jessica,Johnson,2,90005.18,85036.35,2,1,0
Patricia,Taylor,5,114613.29,100354.03,2,0,0
Robert,Williams,1,79074.39,79443.44,5,1,0
Linda,Martin,14,63084.62,60185.26,3,10,0
Karen,Rodriguez,12,134160.56,114103.07,4,1,0
David,Martinez,9,106119.48,106243.12,4,3,0
Charles,Wilson,11,110121.3,99872.76,1,8,0
Jennifer,Anderson,7,111951.61,101557.28,4,6,0
James,Brown,5,71821.21,72306.72,4,0,0
Robert,Wilson,20,58959.66,56060.71,2,9,1
Patricia,Taylor,5,117014.21,112299.51,5,1,1
Patricia,Garcia,20,70089.31,87517.22,3,10,0
Charles,Martinez,8,96535.75,110212.29,4,6,0
Michael,Wilson,6,89092.57,93875.5,5,6,0
Robert,Davis,6,104580.98,90324.49,4,1,0
Patricia,Garcia,8,82365.38,90385.64,3,5,0
John,Hernandez,19,116463.21,102385.84,5,6,0
Susan,Lopez,8,105264.41,97103.17,5,1,1
Susan,Lopez,9,58052.47,69906.39,3,7,0
Joseph,Johnson,12,65867.02,56979.51,3,2,0
William,Johnson,6,77199.93,70823.74,1,4,0
Jennifer,Wilson,17,65118.02,71874.96,3,5,0
James,Anderson,20,103267.89,106467.8,3,6,0
Richard,Martin,16,61894.89,59368.01,1,4,1
Thomas,Jackson,16,100555.87,95349.86,1,9,0
Mary,Davis,0,56297.46,65647.23,2,0,1
Patricia,Jackson,18,94177.65,82337.1,4,8,0
Susan,Wilson,12,49793.23,58187.51,1,5,1
David,Miller,15,65983.36,56060.05,4,4,0
Linda,Davis,17,79356.08,85280.77,2,7,0
James,Thomas,13,80847.05,85701.32,1,0,0
Barbara,Martinez,8,51802.85,53780.9,5,5,0
Patricia,Miller,11,87506.17,99848.7,3,1,1
Barbara,Lopez,17,112279.32,109326.81,3,0,0
Sarah,Davis,7,98443.79,101283.93,3,5,0
Sarah,Wilson,7,114430.3,116804.93,5,1,0
William,Rodriguez,19,113641.25,105242.68,2,4,0
William,Lopez,2,113265.75,94480.65,2,2,1
Mary,Smith,19,56890.82,67258.49,3,0,0
Jessica,Thomas,10,55883.68,64365.63,3,6,0
David,Martinez,2,125606.64,111001.79,2,0,1
Thomas,Taylor,13,86017.16,86565.35,4,1,0
Linda,Thomas,1,95575.72,90053.18,4,1,1
Jessica,Williams,3,81913.9,97235.58,4,0,1
John,Garcia,18,111478.96,112974.7,2,4,1
Sarah,Wilson,7,91472.78,108971.55,4,7,0
Joseph,Smith,10,85378.67,103583.89,2,9,1
Joseph,Garcia,1,99861.4,108495.09,5,1,1
Sarah,Smith,16,97268.18,94073.82,2,5,0
Joseph,Jones,7,106078.8,107255.71,2,6,0
Charles,Miller,7,106828.23,95519.58,3,5,0
Barbara,Martinez,8,74525.88,84041.61,4,3,1
Susan,Gonzalez,17,53949.07,54163.95,1,8,0
Robert,Brown,18,134449.01,115479.21,5,8,0
Karen,Martinez,4,66841.46,78080.36,1,2,1
Jessica,Garcia,11,98031.92,87219.25,3,8,0
Richard,Gonzalez,5,102729.57,92385.82,1,0,0
Linda,Jones,2,64771.56,69865.79,4,0,0
Karen,Johnson,13,91698.7,101561.17,2,2,1
Richard,Rodriguez,10,113039.6,94417.71,1,2,1
Thomas,Smith,16,70059.05,69017.28,4,6,0
David,Miller,13,61625.47,67777.69,2,7,0
Thomas,Hernandez,7,96453.45,110946.46,4,6,1
Barbara,Anderson,6,121380.65,118501.33,2,5,0
Thomas,Smith,12,128288.9,110628.66,3,3,0
Michael,Wilson,2,64804.56,75375.64,2,0,1
Elizabeth,Rodriguez,16,48281.14,54353.17,1,3,1
Sarah,Johnson,13,102148.76,95412.38,4,6,0
Mary,Brown,13,73107.24,77736.72,5,3,0
James,Anderson,12,76977.91,69722.79,4,7,0
John,Rodriguez,6,56367.96,50012.17,2,6,0
Sarah,Brown,9,68177.5,69492.4,3,6,0
Jessica,Miller,18,95209.3,80675.34,2,1,0
Jessica,Hernandez,16,96736.27,86075.78,5,5,0
William,Moore,13,56200.91,63999.16,1,1,1
Joseph,Rodriguez,13,109960.75,105973.87,1,2,0
Robert,Lopez,10,67282.2,61583.78,2,10,0
Barbara,Taylor,11,85318.86,85729.27,3,5,0
James,Thomas,17,87141.79,86501.23,1,1,0
Linda,Martin,11,134742.93,118435.23,2,10,1
Linda,Wilson,0,102052.03,110776.41,3,0,0
Joseph,Johnson,13,72021.45,65861.87,3,5,0
Thomas,Thomas,3,76287.74,65918.19,2,3,0
Thomas,Moore,9,46834.07,52809.26,3,8,0
Mary,Jones,7,62969.54,77457.88,3,6,1
William,Thomas,14,113512.43,108151.99,5,4,0
Mary,Hernandez,17,95825.78,103514.08,1,1,1
Elizabeth,Lopez,11,82051.28,88258.66,4,8,1
Jennifer,Martin,11,121613.36,113505.8,5,10,0
Jessica,Brown,13,43332.56,51299.48,2,1,1
Richard,Wilson,16,113969.32,115156.34,5,8,0
John,Johnson,5,61526.62,55979.87,3,1,1
James,Garcia,1,45202.41,54124.51,4,0,1
Linda,Thomas,17,123246.85,106747.39,3,3,0
Charles,Miller,11,73475.42,87277.55,3,0,1
Patricia,Johnson,10,69864.44,83946.54,1,4,1
Robert,Thomas,11,74518.68,69659.07,4,6,0
Linda,Smith,5,115175.2,96353.96,2,0,0
John,Anderson,20,66725.26,72603.08,2,3,0
William,Martin,7,92089.51,100004.68,5,2,1
Linda,Williams,3,104993.76,88211.44,1,0,1
Robert,Taylor,16,101634.75,117400.34,1,0,0
Susan,Jackson,19,80461.59,74916.29,5,0,1
Patricia,Jones,8,58221.8,58354.61,4,0,0
Sarah,Martin,18,109233.67,98336.48,1,10,0
John,Smith,6,69201.83,79792.92,1,6,1
Michael,Miller,16,89547.59,75526.22,4,1,0
Mary,Miller,14,85371.11,87108.09,2,1,0
Linda,Wilson,0,84958.66,86052.36,4,0,0
Jessica,Martin,4,113406.5,113468.67,4,1,0
David,Wilson,4,84714.6,86134.39,4,3,0
Sarah,Lopez,12,75738.04,78954.31,1,8,1
John,Hernandez,20,93749.42,83104.39,2,1,0
Mary,Jackson,15,95067.73,114124.37,5,6,1
Karen,Williams,13,97113.69,104567.36,2,6,0
Charles,Lopez,14,116151.74,107141.64,1,9,1
Michael,Lopez,8,103371.85,113980.1,4,3,0
William,Rodriguez,12,91739.82,86280.86,1,1,0
William,Williams,20,97133.16,81432.01,3,4,0
Barbara,Lopez,12,94337.06,102131.83,2,3,0
William,Garcia,18,123004.76,115026.82,4,10,0
Susan,Brown,8,50406.79,50294.45,4,3,0
William,Martin,9,107385.94,104151.74,2,2,1
Karen,Davis,20,61109.68,58541.76,2,2,0
Jennifer,Anderson,5,91971.21,79593.17,3,3,0
Barbara,Wilson,7,85118.12,93449.48,3,7,0
Michael,Garcia,1,93302.68,108634.46,2,0,1
Richard,Smith,9,118026.24,107098.21,4,6,0
Jennifer,Lopez,4,49197.87,55423.8,1,4,1
John,Brown,20,52977.0,61799.42,5,0,1
David,Rodriguez,9,58556.77,67823.21,1,1,0
Richard,Brown,16,46393.48,50697.21,5,9,0
John,Johnson,14,92034.49,114979.69,4,0,1
Charles,Johnson,5,95036.27,118063.89,4,5,0
Joseph,Davis,13,114067.34,98240.45,4,4,0
Susan,Jackson,16,72126.29,72806.44,1,10,0
Thomas,Lopez,19,85539.84,97168.51,5,0,0
Barbara,Taylor,4,89284.06,100262.99,2,2,1
Elizabeth,Rodriguez,20,127986.23,115413.08,3,8,0
Sarah,Wilson,1,98034.05,101844.31,2,0,1
James,Anderson,13,110264.01,110550.98,3,10,0
Linda,Smith,13,86721.99,92534.48,4,0,0
Elizabeth,Martin,5,58666.43,61249.41,5,2,1
Barbara,Lopez,16,65415.72,73460.79,2,3,1
Jennifer,Anderson,12,101481.49,105917.69,1,10,1
Karen,Anderson,19,48187.54,50370.48,4,6,0
William,Hernandez,19,57257.3,51327.26,5,7,0
Susan,Smith,8,106255.2,90793.9,3,5,0
Richard,Brown,2,91210.11,97008.7,4,1,0
John,Jones,14,120437.05,109408.92,4,5,0
Elizabeth,Martinez,3,75711.4,89365.1,4,2,1
Thomas,Miller,18,70514.66,59556.81,4,4,1
David,Johnson,20,52435.94,58802.24,1,1,1
David,Moore,3,103372.78,106771.77,5,1,0
Joseph,Smith,16,67983.48,80374.93,2,1,0
Linda,Martinez,10,74692.36,92179.22,4,6,1
Elizabeth,Williams,9,105594.12,89960.48,3,9,0
Barbara,Williams,13,70492.67,79186.53,5,1,1
Jessica,Thomas,5,72830.5,83557.78,2,2,1
Mary,Miller,8,113418.67,95829.06,2,6,0
Sarah,Jones,11,121336.04,112785.11,5,8,0
Karen,Brown,11,48291.52,50470.2,2,0,0
William,Lopez,20,60688.26,75721.29,5,8,0
David,Moore,3,63731.02,70565.25,4,0,0
Karen,Gonzalez,9,48239.27,58008.72,1,0,0
Linda,Moore,8,105496.59,91686.41,3,4,0
Thomas,Hernandez,15,53236.5,65782.38,3,7,0
Jennifer,Moore,4,81363.06,78781.76,5,2,0
James,Moore,8,107569.78,96126.44,3,6,0
Patricia,Johnson,17,73312.72,87898.94,3,8,0
John,Taylor,10,100210.1,93581.97,3,4,0
Jessica,Lopez,20,90314.96,107444.29,3,1,0
Charles,Jones,3,102661.37,97535.2,3,3,0
Michael,Brown,5,86641.33,100906.85,3,0,0
Robert,Rodriguez,8,89106.09,76672.56,3,4,0
Sarah,Williams,19,65497.05,73639.39,2,5,0
William,Moore,16,63301.75,54933.85,2,0,0
Joseph,Thomas,9,61008.1,65792.68,1,6,1
Joseph,Hernandez,4,110437.91,105444.5,1,2,0
Thomas,Miller,5,57538.57,50323.3,5,5,1
Michael,Thomas,17,108551.66,100213.19,2,7,0
Robert,Taylor,0,46205.74,54935.4,4,0,1
Jessica,Brown,17,76127.84,86746.01,4,10,1
Susan,Gonzalez,20,95736.47,100022.08,3,2,0
Karen,Rodriguez,1,45340.6,55783.63,5,1,1
Patricia,Wilson,7,83786.5,102222.04,2,5,1
Elizabeth,Garcia,10,60272.62,73840.64,5,6,0
William,Davis,19,98554.23,96580.5,1,2,0
Jennifer,Rodriguez,13,109396.33,91254.97,3,4,0
John,Lopez,4,84807.48,99001.75,4,0,1
Charles,Johnson,11,77812.19,93318.11,5,0,1
Patricia,Taylor,2,54734.36,60609.45,4,1,0
John,Rodriguez,15,46072.61,52493.73,4,3,0
Susan,Lopez,3,82797.99,102963.38,3,2,0
William,Davis,10,90647.58,95641.91,1,4,1
Patricia,Williams,1,76370.89,74185.8,1,0,0
Jennifer,Davis,5,102279.89,111362.44,1,3,0
Susan,Rodriguez,12,113700.58,102921.79,3,5,0
Michael,Gonzalez,11,115320.33,104150.28,3,8,0
Elizabeth,Martin,6,51332.03,62205.38,4,0,0
Patricia,Hernandez,0,88358.22,81101.42,2,0,1
Charles,Miller,16,84663.13,86360.56,2,10,0
David,Moore,17,140958.71,118548.52,5,3,0
Jessica,Lopez,1,75434.05,88154.62,3,0,1
Karen,Rodriguez,14,83955.23,70910.69,5,10,0
Robert,Gonzalez,20,52480.93,54887.09,5,2,1
Thomas,Martin,17,111749.16,116209.33,4,2,0
Thomas,Lopez,12,102946.16,101153.76,3,6,0
Susan,Davis,11,101689.21,101952.87,2,10,1
Sarah,Martin,7,129110.83,118635.82,3,3,0
John,Gonzalez,8,74863.9,65787.13,4,2,0
Linda,Lopez,9,85386.6,84223.5,2,9,1
Patricia,Johnson,11,74888.2,92553.28,5,9,1
Michael,Jackson,9,88274.07,101994.11,4,1,0
James,Smith,10,88520.93,92698.1,1,2,0
Elizabeth,Williams,5,55746.94,52691.99,3,3,0
Robert,Williams,8,99177.29,97254.08,5,7,1
Karen,Rodriguez,20,118518.66,115201.69,3,5,1
Mary,Wilson,12,73528.14,68872.22,4,3,1
Barbara,Taylor,18,79912.93,91836.34,4,0,0
Jennifer,Anderson,8,71174.81,62994.84,3,6,0
Michael,Taylor,19,84261.13,75092.32,2,6,0
Barbara,Smith,3,97931.45,109333.7,3,0,0
John,Hernandez,4,47332.41,55554.7,5,1,1
Michael,Thomas,1,121259.94,105560.31,4,0,0
Linda,Davis,8,74017.2,76981.24,4,3,0
James,Hernandez,19,77326.8,76917.13,2,10,1
Sarah,Rodriguez,8,59268.09,52519.0,1,1,1
Elizabeth,Martinez,20,84309.39,77281.05,5,4,1
John,Jones,17,55645.23,58689.55,4,1,0
Linda,Williams,17,74269.84,81872.62,4,8,0
Michael,Anderson,9,57172.58,55435.12,1,2,1
James,Brown,19,94813.31,99848.11,3,6,0
Charles,Anderson,1,127370.89,107836.36,3,1,0
Linda,Hernandez,15,51713.75,54494.08,1,10,1
Susan,Martinez,10,105561.81,100088.56,2,6,0
William,Gonzalez,1,58048.95,55007.87,5,1,0
Karen,Jones,5,96118.24,87410.07,2,5,0
Susan,Thomas,3,89476.93,81180.66,3,2,0
Robert,Rodriguez,6,85459.28,100035.11,4,6,0
Joseph,Taylor,0,65737.81,75878.81,3,0,0
Jessica,Williams,0,89618.38,77296.53,5,0,0
William,Smith,20,115186.91,107490.2,2,5,1
Thomas,Moore,11,92886.35,94360.81,1,7,1
Patricia,Brown,15,50500.44,59460.24,4,7,0
Sarah,Davis,9,92614.89,111792.85,2,8,1
Barbara,Johnson,5,86381.93,88270.18,4,1,0
John,Martin,11,71154.9,69271.37,3,10,0
Thomas,Hernandez,17,85745.34,83750.04,4,6,0
Michael,Lopez,2,63498.59,76622.77,1,0,1
Jessica,Hernandez,14,63811.03,67968.97,3,2,0
James,Garcia,12,75637.32,65187.74,4,9,0
Robert,Gonzalez,4,45831.79,55945.99,4,3,0
Sarah,Jackson,20,82255.31,83448.59,5,6,1
Barbara,Jackson,9,58428.15,56229.55,5,9,0
Michael,Hernandez,6,91661.89,90050.07,3,6,1
Barbara,Williams,7,73317.17,61658.75,5,4,0
Joseph,Johnson,18,103705.42,107229.28,1,5,1
Karen,Gonzalez,1,106642.71,98033.43,4,1,1
Jennifer,Jones,11,94559.75,111514.72,4,7,1
James,Rodriguez,16,84649.38,101744.41,1,6,1
Thomas,Miller,11,91724.38,111974.1,3,6,0
Susan,Smith,17,111750.59,114832.08,2,5,0
James,Johnson,2,106991.85,111964.09,4,0,0
Thomas,Taylor,17,58382.08,63649.0,5,2,0
Sarah,Martin,0,96931.1,93354.58,1,0,1
Robert,Jackson,4,66537.62,68920.59,4,3,0
William,Anderson,16,93498.48,85136.46,4,1,0
Mary,Garcia,10,72132.48,75272.02,5,0,0
Mary,Martinez,10,63697.49,56055.25,5,8,1
William,Lopez,3,73351.0,74819.85,2,0,0
Susan,Martinez,14,105000.43,95134.48,1,1,1
William,Jones,18,102712.48,113573.09,1,6,1
Linda,Johnson,20,72274.52,81717.44,1,5,1
Charles,Rodriguez,14,64384.78,60727.47,1,6,1
Jessica,Gonzalez,1,93282.66,105720.0,4,1,0
Barbara,Johnson,0,101851.37,109803.05,4,0,0
Elizabeth,Thomas,17,89435.06,88751.73,1,7,0
William,Davis,7,132934.18,115507.52,5,2,0
Barbara,Martinez,13,68388.35,63663.27,2,4,0
Patricia,Smith,5,70260.74,60005.61,2,3,1
Karen,Martinez,16,81392.05,68738.49,4,5,0
Susan,Thomas,15,89770.35,108670.48,3,6,1
Joseph,Taylor,10,46825.04,55402.58,4,7,0
Susan,Smith,2,92363.64,78485.06,4,2,0
Susan,Moore,12,88999.39,91592.8,3,10,1
Jennifer,Jones,5,78835.15,79396.9,1,0,1
John,Jones,15,71888.4,78261.98,2,10,0
Joseph,Thomas,0,69686.74,61877.25,1,0,1
Robert,Brown,1,103579.24,95420.55,1,1,0
Barbara,Moore,9,73656.36,63933.62,1,1,0
Robert,Smith,4,93327.86,107721.79,4,3,1
Joseph,Garcia,7,51772.91,50316.52,4,4,0
Thomas,Hernandez,6,72055.91,70790.54,1,3,1
William,Brown,13,85183.88,90405.71,5,2,0
David,Jones,15,67926.46,77663.94,2,0,0
Michael,Johnson,6,95462.28,80764.78,5,1,0
Elizabeth,Taylor,12,84019.87,71640.62,2,9,0
Susan,Williams,1,79717.34,89716.84,2,1,1
Patricia,Jackson,14,80983.41,99044.17,4,4,1
William,Lopez,15,98525.47,96758.79,5,4,0
William,Smith,12,43226.84,50930.42,5,8,0
Barbara,Rodriguez,18,90293.59,107044.86,2,7,1
Thomas,Martin,15,46280.83,50061.28,4,5,0
Thomas,Johnson,2,60833.83,74054.69,4,0,1
Karen,Anderson,9,97226.66,87410.65,4,8,1
Barbara,Lopez,12,82592.4,77514.11,4,8,0
Robert,Taylor,18,92105.45,85205.75,4,4,0
Susan,Davis,17,58407.25,53807.47,2,4,0
Linda,Davis,15,84385.26,91501.71,4,6,1
Richard,Thomas,3,99100.31,83567.87,4,2,0
James,Brown,15,52351.99,50944.3,2,8,1
David,Hernandez,8,69737.13,79284.2,5,1,0
Robert,Williams,5,136952.87,117049.1,5,2,0
John,Gonzalez,10,110377.06,96830.1,1,9,1
Elizabeth,Moore,18,77293.92,92231.09,4,9,1
Susan,Jones,9,88281.79,77252.88,1,0,0
David,Martin,7,62222.67,56423.85,3,3,0
Karen,Jackson,10,44088.37,50603.08,5,8,0
Charles,Johnson,5,94383.86,114927.43,1,5,0
Joseph,Smith,8,75211.34,82327.44,2,8,0
Charles,Garcia,2,63640.73,68163.01,4,2,0
James,Anderson,3,71870.1,71835.31,1,2,0
Susan,Johnson,2,91467.66,83490.18,1,2,0
Susan,Hernandez,12,73326.61,86611.82,5,1,1
Susan,Rodriguez,4,108129.53,110286.77,1,0,1
Susan,Williams,8,108447.18,91167.82,4,3,1
Mary,Anderson,1,66736.23,81018.05,2,1,1
Susan,Smith,16,71791.63,64487.79,1,2,1
William,Hernandez,0,95829.96,80116.34,4,0,1
Susan,Rodriguez,7,78787.26,85494.34,2,2,0
Robert,Williams,13,80784.21,72245.89,3,3,0
Elizabeth,Brown,5,66262.58,65027.86,2,3,1
Karen,Smith,17,59141.61,65604.57,5,3,0
Jennifer,Smith,5,78379.82,91666.33,5,2,1
Jessica,Rodriguez,16,103057.26,86933.8,1,1,0
Karen,Johnson,2,97471.46,90266.48,2,0,1
Elizabeth,Lopez,6,85347.6,82677.98,1,0,0
Robert,Williams,8,88521.07,91444.87,2,3,1
David,Brown,10,51243.68,59282.49,1,5,1
Thomas,Gonzalez,7,93761.57,108808.03,5,2,0
Linda,Wilson,19,118378.15,110831.84,2,9,0
Thomas,Wilson,9,74455.92,75899.42,3,5,0
Richard,Smith,20,118320.72,100514.12,2,6,0
James,Davis,9,56918.13,68745.15,4,6,0
Sarah,Taylor,4,61691.48,61931.02,2,2,0
Michael,Jackson,6,46168.08,50927.41,2,1,0
Sarah,Davis,8,119866.41,106696.06,2,2,0
Linda,Davis,17,90492.81,79483.57,3,3,0
Elizabeth,Wilson,1,95187.47,108063.72,5,0,1
David,Hernandez,19,69157.7,64522.02,3,0,1
Richard,Williams,17,57013.6,61706.84,2,7,1
Thomas,Lopez,13,61551.99,58933.7,5,10,0
Barbara,Davis,14,94612.8,114410.65,5,9,1
William,Martin,15,56393.62,66337.14,1,6,1
Susan,Jones,12,53164.63,54182.84,2,2,0
Karen,Moore,9,92012.14,97748.7,3,9,0
Susan,Smith,10,77044.55,91722.05,3,5,1
Robert,Brown,0,93503.41,85941.43,1,0,0
Jessica,Johnson,1,133019.55,119925.85,2,1,1
David,Martinez,10,128857.23,113735.53,2,2,0
Richard,Davis,18,61330.02,53623.91,3,9,0
Charles,Garcia,19,86526.31,81105.25,5,5,0
David,Hernandez,0,46544.53,51693.49,4,0,1
Jessica,Rodriguez,8,52556.62,54498.78,5,0,0
Thomas,Garcia,14,72973.5,67093.13,3,6,1
William,Garcia,3,77543.88,68529.34,2,1,0
Elizabeth,Williams,5,82665.48,72668.33,1,4,1
Richard,Davis,4,125747.93,118573.48,1,1,0
Barbara,Anderson,9,111421.31,96480.92,1,8,0
Elizabeth,Miller,14,95000.88,92527.29,1,3,1
David,Wilson,3,104662.48,95904.63,2,0,0
William,Garcia,2,62620.3,72423.23,4,0,0
Thomas,Brown,7,84147.25,70770.9,3,6,0
Karen,Taylor,16,42921.81,53391.07,2,7,1
Karen,Taylor,9,85079.77,101549.23,1,3,1
Karen,Jones,4,73233.59,64999.05,1,3,1
James,Gonzalez,1,94424.18,84614.1,2,1,1
David,Wilson,10,104209.12,119662.78,4,6,1
Joseph,Rodriguez,19,60737.55,72681.28,1,6,1
James,Johnson,13,81155.98,92020.61,4,4,0
William,Smith,2,86662.57,95993.45,4,1,0
Jennifer,Brown,20,106719.35,107059.12,1,5,0
Mary,Anderson,10,120684.34,101058.68,1,6,0
